-- MySQL dump 10.13  Distrib 5.7.17, for Win64 (x86_64)
--
-- Host: localhost    Database: attendance
-- ------------------------------------------------------
-- Server version	5.7.17-log

/*!40101 SET @OLD_CHARACTER_SET_CLIENT=@@CHARACTER_SET_CLIENT */;
/*!40101 SET @OLD_CHARACTER_SET_RESULTS=@@CHARACTER_SET_RESULTS */;
/*!40101 SET @OLD_COLLATION_CONNECTION=@@COLLATION_CONNECTION */;
/*!40101 SET NAMES utf8 */;
/*!40103 SET @OLD_TIME_ZONE=@@TIME_ZONE */;
/*!40103 SET TIME_ZONE='+00:00' */;
/*!40014 SET @OLD_UNIQUE_CHECKS=@@UNIQUE_CHECKS, UNIQUE_CHECKS=0 */;
/*!40014 SET @OLD_FOREIGN_KEY_CHECKS=@@FOREIGN_KEY_CHECKS, FOREIGN_KEY_CHECKS=0 */;
/*!40101 SET @OLD_SQL_MODE=@@SQL_MODE, SQL_MODE='NO_AUTO_VALUE_ON_ZERO' */;
/*!40111 SET @OLD_SQL_NOTES=@@SQL_NOTES, SQL_NOTES=0 */;

--
-- Table structure for table `eas_application`
--

DROP TABLE IF EXISTS `eas_application`;
/*!40101 SET @saved_cs_client     = @@character_set_client */;
/*!40101 SET character_set_client = utf8 */;
CREATE TABLE `eas_application` (
  `id` varchar(20) NOT NULL,
  `user_id` varchar(20) NOT NULL,
  `begin_date` date NOT NULL,
  `end_date` date NOT NULL,
  `result` tinyint(4) NOT NULL DEFAULT '0',
  `type` tinyint(4) NOT NULL,
  PRIMARY KEY (`id`),
  KEY `eas_application_eas_user_id_fk` (`user_id`),
  CONSTRAINT `eas_application_eas_user_id_fk` FOREIGN KEY (`user_id`) REFERENCES `eas_user` (`id`)
) ENGINE=InnoDB DEFAULT CHARSET=utf8;
/*!40101 SET character_set_client = @saved_cs_client */;

--
-- Dumping data for table `eas_application`
--

LOCK TABLES `eas_application` WRITE;
/*!40000 ALTER TABLE `eas_application` DISABLE KEYS */;
INSERT INTO `eas_application` VALUES ('203239153591259136','203238190990102528','2018-06-13','2018-06-16',1,3),('204428307775754240','203608302536495104','2018-06-14','2018-06-14',1,2),('204436523133833216','203608302536495104','2018-06-15','2018-06-16',2,3),('204460176206598144','203608302536495104','2018-06-17','2018-06-21',1,2),('204472273376251904','203238190990102528','2018-06-18','2018-06-19',2,1),('204591108876013568','203608302536495104','2018-06-26','2018-06-29',2,2),('204697173349240832','203610673207447552','2018-06-18','2018-06-20',1,1);
/*!40000 ALTER TABLE `eas_application` ENABLE KEYS */;
UNLOCK TABLES;

--
-- Table structure for table `eas_attendance`
--

DROP TABLE IF EXISTS `eas_attendance`;
/*!40101 SET @saved_cs_client     = @@character_set_client */;
/*!40101 SET character_set_client = utf8 */;
CREATE TABLE `eas_attendance` (
  `id` varchar(20) NOT NULL,
  `user_id` varchar(20) NOT NULL,
  `begin_time` time NOT NULL DEFAULT '00:00:00',
  `end_time` time NOT NULL DEFAULT '24:00:00',
  `status` tinyint(4) NOT NULL DEFAULT '0',
  `month` tinyint(4) NOT NULL,
  `is_workday` tinyint(4) NOT NULL,
  `day` tinyint(4) NOT NULL,
  `year` int(11) NOT NULL,
  PRIMARY KEY (`id`),
  KEY `eas_attendance_eas_user_id_fk` (`user_id`),
  CONSTRAINT `eas_attendance_eas_user_id_fk` FOREIGN KEY (`user_id`) REFERENCES `eas_user` (`id`)
) ENGINE=InnoDB DEFAULT CHARSET=utf8;
/*!40101 SET character_set_client = @saved_cs_client */;

--
-- Dumping data for table `eas_attendance`
--

LOCK TABLES `eas_attendance` WRITE;
/*!40000 ALTER TABLE `eas_attendance` DISABLE KEYS */;
INSERT INTO `eas_attendance` VALUES ('11111111111111','197905437511782400','18:31:08','22:13:37',5,6,1,11,2018),('202534604383588352','197905437511782400','18:41:45','18:56:16',5,6,1,8,2018),('203007649564987392','197905437511782400','02:14:48','02:16:53',5,6,0,10,2018),('203701970580672512','203238190990102528','00:00:00','24:00:00',0,6,1,11,2018),('203701971834769408','203608302536495104','00:00:00','24:00:00',0,6,1,11,2018),('203701972648464384','203610673207447552','00:00:00','24:00:00',0,6,1,11,2018),('204064612696592384','203238190990102528','00:00:00','24:00:00',0,6,1,12,2018),('204064614978293760','203608302536495104','00:00:00','24:00:00',0,6,1,12,2018),('204064615850708992','203610673207447552','00:00:00','24:00:00',0,6,1,12,2018),('204064616714735616','203974931241897984','00:00:00','24:00:00',0,6,1,12,2018),('204107310757449728','203238190990102528','03:08:10','03:08:10',5,6,1,13,2018),('204107312401616896','203608302536495104','00:00:00','24:00:00',0,6,1,13,2018),('204107313215311872','203610673207447552','00:00:00','24:00:00',0,6,1,13,2018),('204107314037395456','203974931241897984','00:00:00','24:00:00',0,6,1,13,2018),('204426997991084032','203238190990102528','02:37:50','02:37:55',7,6,1,14,2018),('204426999350038528','203608302536495104','02:00:58','02:01:56',5,6,1,14,2018),('204427000159539200','203610673207447552','17:53:36','17:54:02',5,6,1,14,2018),('204427001044537344','203974931241897984','15:17:35','15:17:42',5,6,1,14,2018);
/*!40000 ALTER TABLE `eas_attendance` ENABLE KEYS */;
UNLOCK TABLES;

--
-- Table structure for table `eas_user`
--

DROP TABLE IF EXISTS `eas_user`;
/*!40101 SET @saved_cs_client     = @@character_set_client */;
/*!40101 SET character_set_client = utf8 */;
CREATE TABLE `eas_user` (
  `id` varchar(20) NOT NULL,
  `root` tinyint(4) NOT NULL DEFAULT '0',
  `username` varchar(255) NOT NULL,
  `password` varchar(255) NOT NULL,
  PRIMARY KEY (`id`)
) ENGINE=InnoDB DEFAULT CHARSET=utf8;
/*!40101 SET character_set_client = @saved_cs_client */;

--
-- Dumping data for table `eas_user`
--

LOCK TABLES `eas_user` WRITE;
/*!40000 ALTER TABLE `eas_user` DISABLE KEYS */;
INSERT INTO `eas_user` VALUES ('197905437511782400',100,'Soloist','123456'),('203238190990102528',0,'test','123456'),('203608302536495104',0,'abcd','123456'),('203610673207447552',0,'aaaaa','123456'),('203974931241897984',0,'asdsda','123456'),('204680599875751936',0,'asdf','123456'),('204690679488712704',0,'qwwer','123456');
/*!40000 ALTER TABLE `eas_user` ENABLE KEYS */;
UNLOCK TABLES;
/*!40103 SET TIME_ZONE=@OLD_TIME_ZONE */;

/*!40101 SET SQL_MODE=@OLD_SQL_MODE */;
/*!40014 SET FOREIGN_KEY_CHECKS=@OLD_FOREIGN_KEY_CHECKS */;
/*!40014 SET UNIQUE_CHECKS=@OLD_UNIQUE_CHECKS */;
/*!40101 SET CHARACTER_SET_CLIENT=@OLD_CHARACTER_SET_CLIENT */;
/*!40101 SET CHARACTER_SET_RESULTS=@OLD_CHARACTER_SET_RESULTS */;
/*!40101 SET COLLATION_CONNECTION=@OLD_COLLATION_CONNECTION */;
/*!40111 SET SQL_NOTES=@OLD_SQL_NOTES */;

-- Dump completed on 2018-06-17 16:32:06
